City,Cloudiness,Country,Date,Humidity,Lat,Lng,Max Temp,Wind Speed
Samarai,74,PG,1616217739,73,-10.6167,150.6667,84.61,9.57
Geraldton,0,AU,1616217739,11,-28.7667,114.6,102.2,5.75
Qaanaaq,100,GL,1616217672,97,77.484,-69.3632,-6.65,5.44
Ladário,100,BR,1616217741,96,-19.0047,-57.6017,73.04,2.46
Avarua,20,CK,1616217741,78,-21.2078,-159.775,80.6,8.05
Sorong,1,ID,1616217606,66,-0.8833,131.25,85.98,8.93
Derzhavīnsk,89,KZ,1616217742,94,51.1,66.3167,32.38,23.67
Port Alfred,96,ZA,1616217743,93,-33.5906,26.891,70.39,13.73
Chokurdakh,97,RU,1616217744,93,70.6333,147.9167,-8.79,8.14
Atuona,96,PF,1616217469,74,-9.8,-139.0333,80.19,12.03
Ben Gardane,71,TN,1616217745,77,33.1378,11.2197,56.08,1.66
Tiksi,100,RU,1616217631,91,71.6872,128.8694,-21.19,9.93
Preobrazheniye,100,RU,1616217747,78,42.9019,133.9064,33.96,11.63
Busselton,84,AU,1616217747,21,-33.65,115.3333,96.01,3.0
Dicabisagan,25,PH,1616217748,78,17.0818,122.4157,82.96,6.69
Katsuura,75,JP,1616217749,67,35.1333,140.3,62.6,2.3
Castro,61,BR,1616217749,98,-24.7911,-50.0119,60.82,6.08
Arraial do Cabo,0,BR,1616217750,89,-22.9661,-42.0278,76.24,16.89
Fonte Boa,100,BR,1616217751,97,-2.4959,-66.2662,73.83,0.72
Bluff,87,NZ,1616217751,88,-46.6,168.3333,57.99,10.0
Corsicana,1,US,1616217752,81,32.0954,-96.4689,50.0,5.75
Carnarvon,0,AU,1616217753,58,-24.8667,113.6333,89.6,11.5
Albany,0,US,1616217742,32,42.6001,-73.9662,30.99,1.99
Rikitea,91,PF,1616217734,79,-23.1203,-134.9692,80.44,6.73
Barrow,1,US,1616217755,83,71.2906,-156.7887,-16.6,5.75
Punta Arenas,0,CL,1616217756,81,-53.15,-70.9167,41.0,28.77
Hermanus,100,ZA,1616217757,92,-34.4187,19.2345,62.01,1.01
Olinda,40,BR,1616217638,73,-8.0089,-34.8553,78.8,8.05
Kapaa,75,US,1616217758,78,22.0752,-159.319,70.0,21.85
Lagoa,100,PT,1616217759,86,39.05,-27.9833,58.33,17.96
Saskylakh,100,RU,1616217760,96,71.9167,114.0833,-24.79,7.47
Dingle,40,PH,1616217761,59,10.9995,122.6711,89.01,10.71
Pacific Grove,1,US,1616217762,76,36.6177,-121.9166,51.8,9.22
Nanortalik,100,GL,1616217762,99,60.1432,-45.2371,33.3,11.72
Korla,15,CN,1616217763,50,41.7597,86.1469,43.83,6.42
Hambantota,90,LK,1616217764,83,6.1241,81.1185,82.4,4.61
Caruray,20,PH,1616217765,66,10.3094,119.0128,89.6,13.8
Nikolskoye,20,RU,1616217766,73,59.7035,30.7861,19.0,8.95
Vaini,75,TO,1616217766,83,-21.2,-175.2,82.4,4.61
Jieshi,6,CN,1616217605,68,22.8134,115.8257,82.99,1.01
Butaritari,8,KI,1616217702,77,3.0707,172.7902,82.4,17.34
Bredasdorp,97,ZA,1616217768,94,-34.5322,20.0403,62.6,5.75
Ushuaia,90,AR,1616217769,93,-54.8,-68.3,39.2,20.71
Hamilton,1,US,1616217755,64,39.1834,-84.5333,36.0,6.91
Hithadhoo,100,MV,1616217674,71,-0.6,73.0833,83.01,9.71
Hualmay,100,PE,1616217771,78,-11.0964,-77.6139,70.21,8.16
Aksu,0,CN,1616217666,28,41.1231,80.2644,47.57,4.59
Lázaro Cárdenas,0,MX,1616217773,78,17.9583,-102.2,72.75,3.38
Kitami,20,JP,1616217774,47,43.8031,143.8908,34.0,5.75
Beloha,0,MG,1616217774,59,-25.1667,45.05,81.34,4.94
Chui,28,UY,1616217775,84,-33.6971,-53.4616,63.46,8.03
Lavrentiya,29,RU,1616217776,90,65.5833,-171.0,-11.2,9.13
São Filipe,26,CV,1616217777,74,14.8961,-24.4956,70.83,4.59
Provideniya,100,RU,1616217777,90,64.3833,-173.3,-4.2,17.18
Mahébourg,40,MU,1616217778,74,-20.4081,57.7,82.4,8.05
Harper,75,LR,1616217779,83,4.375,-7.7169,77.86,4.14
Kantunil,1,MX,1616217779,68,20.8,-89.0333,69.8,3.44
Vardø,98,NO,1616217780,78,70.3705,31.1107,32.45,20.54
Talakan,98,RU,1616217781,65,50.3167,130.3667,31.62,1.88
Cayenne,40,GF,1616217781,94,4.9333,-52.3333,79.0,5.7
Buchanan,40,LR,1616217782,94,5.8808,-10.0467,75.2,4.5
Kiruna,12,SE,1616217563,64,67.8557,20.2251,33.8,25.32
Hobart,20,AU,1616217618,43,-42.8794,147.3294,75.99,12.66
Necochea,100,AR,1616217784,66,-38.5473,-58.7368,62.01,10.58
Saint-Philippe,20,RE,1616217497,61,-21.3585,55.7679,84.2,10.36
Colares,0,PT,1616217785,68,38.7992,-9.4469,51.01,16.87
Kavieng,55,PG,1616217786,66,-2.5744,150.7967,86.07,6.02
Stephenville,1,US,1616217787,66,32.2207,-98.2023,51.01,5.19
Inverell,100,AU,1616217787,51,-29.7833,151.1167,82.0,1.01
Dikson,98,RU,1616217788,89,73.5069,80.5464,-23.21,16.17
East London,20,ZA,1616217789,94,-33.0153,27.9116,66.2,4.61
Russell,90,US,1616217789,58,32.3502,-85.1999,57.2,8.05
Zyryanovsk,0,KZ,1616217606,67,49.7386,84.2719,22.21,1.12
Santa Helena de Goiás,82,BR,1616217791,91,-17.8136,-50.5969,67.87,3.42
Cape Town,75,ZA,1616217709,72,-33.9258,18.4232,64.4,19.57
Tuktoyaktuk,1,CA,1616217792,76,69.4541,-133.0374,-22.0,8.05
Mataura,100,NZ,1616217793,88,-46.1927,168.8643,57.99,10.0
Kruisfontein,100,ZA,1616217794,89,-34.0033,24.7314,64.99,3.56
Aykhal,100,RU,1616217794,92,66.0,111.5,19.35,23.31
Biltine,82,TD,1616217795,12,14.5333,20.9167,86.49,21.23
Sur,0,OM,1616217796,29,22.5667,59.5289,90.5,4.72
Tasiilaq,90,GL,1616217796,74,65.6145,-37.6368,23.0,2.3
Quatre Cocos,40,MU,1616217797,74,-20.2078,57.7625,82.99,8.05
Nuuk,90,GL,1616217798,68,64.1835,-51.7216,26.6,10.36
Tall Kayf,40,TR,1616217799,71,37.0833,41.0667,46.4,2.3
Pudozh,96,RU,1616217799,97,61.8099,36.5345,4.78,5.79
San Rafael del Sur,63,NI,1616217800,75,11.8485,-86.4384,76.98,11.92
Lodi,91,US,1616217801,81,38.1302,-121.2725,48.99,1.01
Härnösand,90,SE,1616217515,87,62.6323,17.9379,37.4,3.44
Hong Kong,20,HK,1616217724,61,22.2855,114.1577,82.4,9.22
Yatou,89,CN,1616217802,66,37.15,122.3833,44.92,16.8
Esperance,0,AU,1616217803,23,-33.8667,121.9,87.8,10.36
Chamba,9,IN,1616217804,24,32.5667,76.1333,76.33,3.71
Thompson,75,CA,1616217804,65,55.7435,-97.8558,39.2,8.05
Batemans Bay,100,AU,1616217805,94,-35.7167,150.1833,69.01,3.0
Antalaha,28,MG,1616217806,73,-14.9003,50.2788,80.37,6.55
Beringovskiy,100,RU,1616217806,92,63.05,179.3167,-1.26,18.68
Souillac,40,MU,1616217807,74,-20.5167,57.5167,82.4,8.05
Skjervøy,100,NO,1616217731,84,70.0311,20.9714,33.67,35.25
Iquitos,75,PE,1616217792,94,-3.7481,-73.2472,77.0,3.44
Jamestown,1,US,1616217745,46,42.097,-79.2353,32.0,1.19
Ixtapa,1,MX,1616217810,88,20.7,-105.2,70.0,2.37
Tiznit Province,23,MA,1616217811,83,29.5833,-9.5,48.74,8.46
Yenagoa,100,NG,1616217813,91,4.9247,6.2642,75.07,1.61
Honningsvåg,100,NO,1616217813,85,70.9821,25.9704,32.7,30.91
Ciudad Bolivar,100,VE,1616217814,68,8.1222,-63.5497,77.18,13.27
Vilyuysk,98,RU,1616217815,84,63.7553,121.6247,20.48,11.9
Podor,0,MR,1616217815,38,16.6527,-14.9587,68.04,10.92
Purpe,40,RU,1616217816,89,64.4803,76.6897,-9.0,18.72
Constitución,30,CL,1616217656,86,-35.3333,-72.4167,53.47,7.99
Pevek,100,RU,1616217817,89,69.7008,170.3133,-15.03,2.35
Westport,1,US,1616217818,37,41.1415,-73.3579,34.0,3.44
Alofi,98,NU,1616217819,89,-19.0595,-169.9187,78.8,3.44
Hilo,90,US,1616216984,68,19.7297,-155.09,71.6,6.91
Māgadi,0,IN,1616217820,31,12.9667,77.2333,89.01,9.15
Ahipara,54,NZ,1616217821,66,-35.1667,173.1667,64.87,8.7
Vitim,100,RU,1616217821,90,59.4511,112.5578,22.59,17.47
Xai-Xai,0,MZ,1616217822,86,-25.0519,33.6442,74.62,4.05
Coahuayana Viejo,0,MX,1616217823,77,18.7333,-103.6833,69.76,3.4
Alghero,40,IT,1616217552,93,40.5589,8.3181,42.8,8.05
Puerto Ayora,94,EC,1616217812,96,-0.7393,-90.3518,77.0,3.0
Coyhaique,100,CL,1616217825,97,-45.5752,-72.0662,48.04,7.0
Salalah,0,OM,1616217826,20,17.0151,54.0924,84.2,2.3
Meulaboh,100,ID,1616217827,75,4.1363,96.1285,83.26,3.31
Maţāy,6,EG,1616217828,26,28.419,30.7792,66.81,6.55
Puerto Escondido,0,MX,1616217828,69,15.85,-97.0667,77.14,5.14
Gaoyou,100,CN,1616217608,72,32.7858,119.4278,53.01,3.0
Hasaki,75,JP,1616217830,72,35.7333,140.8333,61.0,11.5
Ribeira Grande,100,PT,1616217831,88,38.5167,-28.7,60.21,20.33
Zamora,99,EC,1616217831,96,-4.0692,-78.9567,66.63,5.03
Fort Nelson,90,CA,1616217832,79,58.8053,-122.7002,19.4,12.66
Angoche,96,MZ,1616217833,85,-16.2325,39.9086,78.31,4.38
Iqaluit,1,CA,1616217834,69,63.7506,-68.5145,-20.0,13.8
Cidreira,45,BR,1616217835,79,-30.1811,-50.2056,73.27,19.69
Surgut,0,RU,1616217835,74,61.25,73.4167,26.6,17.9
Tadine,100,NC,1616217837,77,-21.55,167.8833,76.98,17.9
Ancud,0,CL,1616217837,87,-41.8697,-73.8203,53.01,5.75
Comodoro Rivadavia,0,AR,1616217838,44,-45.8667,-67.5,60.8,20.71
Honiara,65,SB,1616217839,80,-9.4333,159.95,82.85,1.23
Laas,90,IT,1616217840,86,46.6166,10.7002,26.01,4.61
San Quintín,0,MX,1616217840,80,30.4833,-115.95,60.1,14.25
Kieta,99,PG,1616217841,70,-6.2167,155.6333,84.87,2.62
Tiarei,40,PF,1616217842,78,-17.5333,-149.3333,80.6,2.3
Husavik,90,IS,1616217843,56,66.0449,-17.3389,37.4,8.05
Cabo San Lucas,1,MX,1616217843,46,22.8909,-109.9124,69.8,8.34
Chepareria,38,KE,1616217844,71,1.3077,35.2039,65.66,2.95
Bontang,85,ID,1616217845,65,0.1333,117.5,86.47,7.92
Balkanabat,52,TM,1616217845,56,39.5108,54.3671,56.21,4.5
Khatanga,100,RU,1616217846,95,71.9667,102.5,-25.26,8.28
Bako,24,ET,1616217818,81,5.7833,36.5667,67.12,2.48
Fort-Shevchenko,91,KZ,1616217847,86,44.5086,50.263,40.8,19.42
Bethel,0,US,1616217848,45,41.3712,-73.414,32.0,6.13
Avera,40,US,1616217849,57,33.194,-82.5271,48.2,16.11
Mentana,100,IT,1616217849,66,42.0349,12.6424,41.0,5.01
The Valley,40,AI,1616217850,73,18.217,-63.0578,78.01,11.5
Karachi,0,PK,1616217612,23,24.9056,67.0822,86.0,3.44
Kokopo,85,PG,1616217851,70,-4.352,152.2633,83.93,3.89
Hastings,56,GB,1616217852,84,50.8552,0.5729,36.0,3.0
Kingman,1,US,1616217853,23,35.1894,-114.053,57.2,11.5
Jacareacanga,100,BR,1616217855,99,-6.2222,-57.7528,71.35,1.7
Atar,0,MR,1616217855,26,20.5169,-13.0499,65.84,13.94
Khāsh,95,IR,1616217856,20,28.2211,61.2158,75.07,25.99
Aitape,66,PG,1616217790,73,-3.1374,142.3475,84.83,7.67
New Norfolk,56,AU,1616217857,41,-42.7826,147.0587,75.0,1.01
Takoradze,95,GH,1616217858,85,4.8845,-1.7554,77.32,5.17
Bengkulu,92,ID,1616217859,64,-3.8004,102.2655,85.41,7.49
Petropavlovsk-Kamchatskiy,75,RU,1616217859,60,53.0452,158.6483,33.8,11.18
Lorengau,79,PG,1616217860,66,-2.0226,147.2712,86.04,4.88
Kaitangata,98,NZ,1616217861,72,-46.2817,169.8464,61.0,8.01
Makakilo City,20,US,1616217861,60,21.3469,-158.0858,73.4,9.22
San Jose,20,US,1616217842,71,37.3394,-121.895,48.99,6.91
Mossamedes,86,AO,1616217862,76,-15.1961,12.1522,72.55,2.08
George Town,40,MY,1616217631,48,5.4112,100.3354,87.8,9.22
Port Elizabeth,90,ZA,1616217864,88,-33.918,25.5701,66.2,3.44
Ponta do Sol,7,PT,1616217865,59,32.6667,-17.1,55.99,13.0
Kez,98,RU,1616217866,91,57.8979,53.7152,24.19,9.6
Port Lincoln,0,AU,1616217866,51,-34.7333,135.8667,77.83,12.73
Ola,0,RU,1616217867,72,59.5833,151.2833,9.81,5.53
Khipro,14,PK,1616217868,15,25.8285,69.3772,93.85,5.97
Djibouti,1,DJ,1616217868,69,11.5,42.5,80.6,11.7
Hurghada,0,EG,1616217869,25,27.2574,33.8129,64.4,4.61
Bambous Virieux,40,MU,1616217870,74,-20.3428,57.7575,82.99,8.05
Upernavik,100,GL,1616217871,67,72.7868,-56.1549,9.03,8.05
Abalak,100,RU,1616217872,94,58.1286,68.5944,25.95,7.11
Benxi,90,CN,1616217872,87,41.2886,123.765,37.4,8.95
Grinnell,1,US,1616217873,75,41.743,-92.7224,35.6,4.61
Stabat,40,ID,1616217874,62,3.761,98.4513,89.6,9.22
Faanui,5,PF,1616217874,67,-16.4833,-151.75,83.08,6.69
Namwala,0,ZM,1616217875,96,-15.7504,26.4384,62.4,4.47
Praia,0,CV,1616217877,68,14.9215,-23.5087,66.2,6.91
Mar del Plata,0,AR,1616217878,82,-38.0023,-57.5575,64.0,9.22
Syracuse,75,IT,1616217879,93,37.0881,15.2792,51.01,6.91
Cherskiy,7,RU,1616217880,90,68.75,161.3,-14.62,1.19
Clyde River,1,CA,1616217880,76,70.4692,-68.5914,-22.0,6.91
Øksfjord,100,NO,1616217881,80,70.2396,22.3479,32.0,10.36
Pueblo,1,US,1616217882,56,38.2545,-104.6091,43.0,4.61
Mount Isa,93,AU,1616217882,45,-20.7333,139.5,89.6,14.97
Torata,95,PE,1616217883,77,-17.0769,-70.8433,56.05,2.15
Isangel,75,VU,1616217884,74,-19.55,169.2667,82.4,5.75
Usinsk,86,RU,1616217795,91,65.9939,57.5281,-1.05,6.35
Itambé,99,BR,1616217886,98,-15.245,-40.6244,68.92,1.66
Broome,1,US,1616217887,53,42.2506,-75.833,23.0,5.75
Zhangye,14,CN,1616217887,19,38.9342,100.4517,34.7,7.05
Jiayuguan City,41,CN,1616217888,24,39.8167,98.3,31.35,5.95
La Santisima Trinidad,77,BO,1616217889,98,-14.8333,-64.9,69.66,1.7
Wajima,0,JP,1616217890,71,37.4,136.9,50.0,6.91
La Ronge,95,CA,1616217891,65,55.1001,-105.2842,42.8,4.61
Rawson,44,AR,1616217891,34,-43.3002,-65.1023,65.41,16.53
Vedi,75,AM,1616217892,65,39.9142,44.7222,41.0,6.91
Tres Picos,2,MX,1616217893,65,15.8667,-93.5333,75.67,9.55
Ishigaki,75,JP,1616217893,69,24.3448,124.1572,78.8,12.66
Yellowknife,90,CA,1616217894,85,62.456,-114.3525,14.0,11.5
Minas,0,UY,1616217895,82,-34.3759,-55.2377,64.4,5.75
Turukhansk,0,RU,1616217895,85,65.8167,87.9833,-12.71,7.67
Paraty,1,BR,1616217600,92,-23.2178,-44.7131,73.53,2.82
Inírida,88,CO,1616217897,82,3.8653,-67.9239,75.58,0.98
Rock Sound,0,BS,1616217897,78,24.9,-76.2,75.22,10.47
Great Falls,20,US,1616217644,56,47.5002,-111.3008,46.4,11.5
Ferme-Neuve,21,CA,1616217899,68,46.7001,-75.4493,23.0,2.3
Ucluelet,100,CA,1616217900,90,48.9329,-125.5528,41.0,10.63
Barcelona,20,ES,1616217780,70,41.3888,2.159,46.99,12.66
Sayyan,1,YE,1616217901,12,15.1718,44.3244,61.05,3.51
Charters Towers,96,AU,1616217910,35,-20.1,146.2667,88.32,12.37
Zabul Province,64,AF,1616217911,27,32.25,67.25,64.18,11.43
Ostrovnoy,100,RU,1616217912,85,68.0531,39.5131,17.19,29.55
Saint Paul Harbor,90,US,1616217913,74,57.79,-152.4072,26.6,3.44
Guiuan,100,PH,1616217793,76,11.0333,125.7247,83.44,10.25
Houma,90,US,1616217915,76,29.5958,-90.7195,53.01,8.05
Portland,90,US,1616217343,71,45.5234,-122.6762,46.4,11.5
Marsá Maţrūḩ,40,EG,1616217916,77,31.3525,27.2453,60.8,17.27
Tecpatán,75,MX,1616217917,68,17.1333,-93.3,68.0,20.71
Rio Bananal,0,BR,1616217917,96,-19.265,-40.3333,70.21,2.28
Sisimiut,100,GL,1616217918,72,66.9395,-53.6735,22.42,6.38
Tual,28,ID,1616217919,65,-5.6667,132.75,84.09,3.89
São João da Barra,0,BR,1616217919,90,-21.6403,-41.0511,75.38,9.73
Opuwo,100,NA,1616217678,82,-18.0607,13.84,68.07,1.28
Bereda,8,ES,1616217921,77,43.2686,-7.5406,42.01,10.0
Saldanha,17,ZA,1616217921,82,-33.0117,17.9442,59.0,10.36
Tazovsky,0,RU,1616217922,80,67.4667,78.7,-22.47,9.71
Martapura,40,ID,1616217923,74,-3.4167,114.85,82.4,6.91
Huarmey,100,PE,1616217924,75,-10.0681,-78.1522,71.71,8.16
Narsaq,90,GL,1616217924,93,60.9167,-46.05,32.0,12.66
Nevel',100,RU,1616217925,90,56.0209,29.9284,21.29,4.21
Severo-Kuril'sk,100,RU,1616217926,84,50.6789,156.125,26.85,22.41
Te Anau,1,NZ,1616217926,60,-45.4167,167.7167,63.7,2.24
Finale Ligure,0,IT,1616217927,45,44.1695,8.3436,46.0,8.01
Walla Walla,20,US,1616217928,61,46.0646,-118.343,44.01,3.44
Asunción,75,PY,1616217770,78,-25.3007,-57.6359,78.8,7.45
Kindu,100,CD,1616217929,99,-2.95,25.95,70.38,2.66
Salantai,0,LT,1616217930,86,56.0667,21.5667,17.6,1.14
Chegdomyn,65,RU,1616217931,65,51.1167,133.0167,31.03,3.15
San Vicente,66,AR,1616217931,75,-26.6167,-54.1333,70.5,5.61
Weymouth,0,US,1616217932,34,42.2209,-70.9398,33.8,8.05
Nur-Sultan,90,KZ,1616217755,93,51.1801,71.446,32.0,15.66
Ballina,75,AU,1616217934,88,-28.8667,153.5667,75.2,5.75
Talnakh,3,RU,1616217934,77,69.4865,88.3972,-20.61,1.52
Pacifica,75,US,1616217935,93,37.6138,-122.4869,51.01,4.61
Guerrero Negro,0,MX,1616217936,78,27.9769,-114.0611,59.27,10.09
Acaraú,0,BR,1616217937,88,-2.8856,-40.12,76.3,5.97
Jiazi,3,CN,1616217938,68,22.8779,116.067,79.12,9.93
Lüderitz,51,NA,1616217938,78,-26.6481,15.1594,63.3,21.9
Aklavik,8,CA,1616217939,77,68.2191,-135.0107,-11.2,6.91
Bowen,96,AU,1616217715,66,-20.0167,148.2333,86.0,18.41
Flin Flon,100,CA,1616217941,95,54.7682,-101.865,35.58,8.05
Bridlington,76,GB,1616217942,88,54.0831,-0.1919,42.01,1.99
Tautira,40,PF,1616217942,78,-17.7333,-149.15,80.6,2.3
Erandio,75,ES,1616217943,65,43.3079,-2.945,45.0,6.91
Tilichiki,68,RU,1616217944,89,60.4667,166.1,-4.11,9.26
Princeton,1,US,1616217945,72,25.5384,-80.4089,64.4,9.22
Guilin,90,CN,1616217666,67,25.2819,110.2864,57.2,11.18
Tianmen,56,CN,1616217946,58,30.6516,113.1603,57.67,7.38
Nabire,92,ID,1616217906,70,-3.3667,135.4833,85.41,6.62
Namanyere,63,TZ,1616217948,96,-7.5167,31.05,60.8,4.85
Tuatapere,76,NZ,1616217949,88,-46.1333,167.6833,57.99,10.0
Isabela,20,PH,1616217950,70,6.7085,121.9711,89.6,8.05
Blyznyuky,99,UA,1616217950,82,48.8578,36.5551,31.86,4.97
Novikovo,95,RU,1616217951,86,51.1537,37.8879,30.36,3.49
Chara,53,RU,1616217952,65,56.9064,118.2631,17.42,5.53
Lebu,76,CL,1616217953,85,-37.6167,-73.65,53.89,10.94
Lodja,92,CD,1616217954,95,-3.4833,23.4333,70.43,1.81
Hemsedal,100,NO,1616217954,87,60.8629,8.5534,32.09,9.08
Tubmanburg,52,LR,1616217955,97,6.8708,-10.8172,73.33,1.45
La Rioja,20,ES,1616217956,65,42.25,-2.5,39.2,5.75
Khandyga,100,RU,1616217957,91,62.6667,135.6,17.11,6.15
Balod,21,IN,1616217958,24,20.73,81.2047,92.57,4.83
Morgan City,90,US,1616217958,71,29.6994,-91.2068,51.8,10.36
Bathsheba,75,BB,1616217959,65,13.2167,-59.5167,77.0,10.36
Tutóia,98,BR,1616217960,90,-2.7619,-42.2744,75.56,4.21
Russellville,1,US,1616217961,61,35.2784,-93.1338,46.4,5.75
Dabakala,94,CI,1616217962,81,8.3667,-4.4333,76.21,7.27
Maryville,1,US,1616217895,70,35.7565,-83.9705,44.6,10.36
Río Gallegos,0,AR,1616217695,57,-51.6226,-69.2181,44.6,25.32
Shūshtar,0,IR,1616217963,36,32.0455,48.8567,65.26,3.69
Rabo de Peixe,20,PT,1616217965,82,37.8,-25.5833,55.4,9.22
Anadyr,0,RU,1616217965,71,64.75,177.4833,-4.0,11.18
Lerwick,90,GB,1616217966,93,60.1545,-1.1494,44.6,20.71
Rehoboth,87,NA,1616217967,67,-23.3167,17.0833,67.35,3.13
Pitkyaranta,75,RU,1616217967,89,61.5734,31.4792,14.99,11.45
Bonthe,60,SL,1616217968,83,7.5264,-12.505,75.31,4.92
Abashiri,20,JP,1616217969,47,44.0213,144.2697,34.0,5.75
Vila Franca do Campo,20,PT,1616217969,82,37.7167,-25.4333,55.4,9.22
Kapoeta,100,SS,1616217970,70,4.7717,33.5903,76.37,9.98
Kudahuvadhoo,82,MV,1616217971,71,2.6708,72.8944,83.12,7.81
Nome,1,US,1616217971,60,64.5011,-165.4064,3.2,11.5
Plattling,78,DE,1616217972,73,48.7833,12.8667,28.0,6.31
Omboué,100,GA,1616217973,97,-1.5746,9.2618,73.02,5.57
Oranjemund,66,NA,1616217974,86,-28.55,16.4333,62.42,18.57
Phonhong,37,LA,1616217974,46,18.5007,102.4166,95.0,9.22
Port Moresby,40,PG,1616217916,66,-9.4431,147.1797,89.6,11.5
Abrau-Dyurso,75,RU,1616217975,87,44.69,37.59,39.2,2.24
Buta,84,CD,1616217976,99,2.7858,24.73,69.71,2.59
Ratanpur,13,IN,1616217977,22,22.3,82.1667,94.01,3.29
Leningradskiy,100,RU,1616217729,88,69.3833,178.4167,-14.35,3.27
Saint George,1,US,1616217978,47,37.1041,-113.5841,62.01,3.44
Chato,92,TZ,1616217724,88,-2.6378,31.7669,67.32,2.77
Barhi,18,IN,1616217979,23,23.9,80.8,89.49,7.38
Zhangjiakou,0,CN,1616217980,24,40.81,114.8794,42.33,26.78
Kaeo,73,NZ,1616217981,67,-35.1,173.7833,66.0,8.01
Alamosa,1,US,1616217681,55,37.4695,-105.87,35.6,8.05
Marzuq,0,YE,1616217982,12,14.4,46.4667,75.22,1.19
Nortelândia,99,BR,1616217982,95,-14.4547,-56.8028,71.4,4.36
Sokolovo,36,RU,1616217983,83,52.5318,84.7896,29.28,6.8
Grand Gaube,13,MU,1616217984,75,-20.0064,57.6608,82.99,7.0
Banda Aceh,100,ID,1616217903,67,5.5577,95.3222,85.37,9.78
Östersund,90,SE,1616217985,87,63.1792,14.6357,37.99,17.27
Becerril,77,CO,1616217986,75,9.7041,-73.2793,76.05,3.56
Beyneu,86,KZ,1616217986,78,45.3167,55.2,42.57,16.24
Borogontsy,100,RU,1616217987,92,62.6683,131.1683,22.26,1.14
Lishui,97,CN,1616217988,80,28.4604,119.9103,66.69,4.38
Pellérd,27,HU,1616217988,89,46.0344,18.154,30.0,1.01
Vanavara,100,RU,1616217989,84,60.34,102.2797,26.55,17.02
Namie,84,JP,1616217990,73,37.4833,141.0,48.0,3.18
Wagga Wagga,90,AU,1616217990,38,-35.1167,147.3667,78.8,13.8
Cheremkhovo,34,RU,1616217991,82,53.1561,103.0675,24.89,7.11
Shahr-e Bābak,27,IR,1616217992,24,30.1165,55.1186,62.67,19.1
Dunedin,43,NZ,1616217768,64,-45.8742,170.5036,63.0,3.0
Makar'yev,73,RU,1616217993,94,57.8797,43.8069,15.73,7.43
Dakar,0,SN,1616217914,94,14.6937,-17.4441,64.4,11.5
Caravelas,61,BR,1616217994,89,-17.7125,-39.2481,74.61,2.98
Paamiut,86,GL,1616217995,91,61.994,-49.6678,30.38,28.63
Ouro Preto do Oeste,100,BR,1616217996,97,-10.7481,-62.2158,72.05,3.44
Ust-Kuyga,100,RU,1616217997,87,70.0167,135.6,-5.94,9.51
Lata,0,PT,1616217784,58,40.1629,-8.3327,48.99,1.01
Sawākin,0,SD,1616217999,61,19.1059,37.3321,76.26,9.24
Henties Bay,29,NA,1616217999,93,-22.116,14.2845,61.0,1.99
Springhill,45,US,1616218000,80,33.006,-93.4668,44.01,4.03
Kalmunai,58,LK,1616218001,70,7.4167,81.8167,83.57,5.5
Karla,0,EE,1616218001,73,59.3723,24.9275,21.99,11.5
Portel,83,BR,1616218002,92,-1.9356,-50.8211,72.09,0.78
Ejido Ixcatepec,31,MX,1616218003,83,21.2,-97.95,61.29,2.37
Isla Mujeres,75,MX,1616218004,94,21.2311,-86.731,77.0,6.91
Sambava,35,MG,1616218005,76,-14.2667,50.1667,80.28,8.61
Novaya Igirma,100,RU,1616218006,87,57.1334,103.9112,25.99,16.51
Nhamundá,94,BR,1616218006,96,-2.1861,-56.7131,72.46,2.39
Mercedes,100,AR,1616218007,79,-34.6515,-59.4307,63.0,3.0
Havre-St-Pierre,1,CA,1616218008,56,50.2334,-63.5986,6.8,12.66
Sakakah,0,SA,1616218008,33,29.9697,40.2064,59.0,4.61
Harrisburg,1,US,1616218009,30,40.2737,-76.8844,37.4,5.75
Mahon,40,ES,1616218010,76,39.8885,4.2658,48.2,11.5
Golden,1,US,1616218011,65,39.7555,-105.2211,43.0,7.02
Caohai,100,CN,1616218011,51,26.8661,104.2841,61.52,4.56
Mangalore,40,IN,1616217810,74,12.8667,74.8833,86.0,5.75
Turaif,0,SA,1616218014,57,31.6725,38.6637,50.0,6.91
Petatlán,0,MX,1616218014,61,17.5167,-101.2667,73.33,3.58
Ilulissat,100,GL,1616218015,49,69.2167,-51.1,19.4,14.97
Moyale,53,KE,1616218016,66,3.5167,39.0584,72.77,8.52
Cacoal,100,BR,1616218017,98,-11.4386,-61.4472,71.69,3.18
Zaysan,0,KZ,1616218017,79,47.4667,84.8667,24.49,0.4
Doha,0,QA,1616218018,38,25.2867,51.5333,77.0,13.8
Oktyabr'skiy,99,RU,1616218019,93,54.4815,53.471,23.34,14.65
Santa Elena,100,EC,1616218019,81,-2.2333,-80.85,76.75,4.54
Klaksvík,75,FO,1616218020,93,62.2266,-6.589,46.4,20.71
Santiago del Estero,100,AR,1616217990,56,-27.7951,-64.2615,71.55,6.13
Sinnamary,54,GF,1616218021,85,5.3833,-52.95,75.76,6.76
Phalodi,0,IN,1616218022,14,27.1333,72.3667,89.83,4.05
Tambura,71,SS,1616218023,73,5.6,27.4667,73.24,3.69
Pasewalk,91,DE,1616218023,68,53.5063,13.99,28.99,4.99
Vostok,100,RU,1616218024,75,46.4856,135.8833,33.66,2.48
Las Choapas,34,MX,1616218025,86,17.9333,-94.0833,66.42,6.44
Camaçari,40,BR,1616217786,78,-12.6975,-38.3242,78.8,13.8
Vao,100,NC,1616218026,75,-22.6667,167.4833,75.63,20.4
Wenatchee,40,US,1616218027,43,47.4235,-120.3103,48.2,3.44
Half Moon Bay,75,US,1616218028,93,37.4636,-122.4286,51.01,4.61
Muros,1,ES,1616218028,68,42.7762,-9.0603,46.99,5.01
Nara,75,JP,1616217973,35,34.6851,135.8049,71.6,6.91
Kushima,90,JP,1616218030,88,31.4583,131.2333,62.6,8.05
Longyearbyen,75,SJ,1616218030,74,78.2186,15.6401,23.0,13.8
Maroantsetra,91,MG,1616218031,86,-15.4333,49.7333,77.4,1.97
Peniche,0,PT,1616218032,77,39.3558,-9.3811,50.0,4.0
San Felipe,95,VE,1616218033,94,10.3399,-68.7425,70.66,4.92
Ninotsminda,90,GE,1616218034,93,41.2646,43.5916,30.2,4.61
Baykit,99,RU,1616218035,82,61.67,96.37,28.38,14.27
Sola,99,VU,1616218036,72,-13.8833,167.55,82.65,8.48
Sivas Province,75,TR,1616218036,86,39.7916,37.0019,33.8,6.91
Skeldon,49,GY,1616218037,90,5.8833,-57.1333,72.28,4.76
Qobustan,75,AZ,1616218038,87,40.0824,49.412,48.2,16.11
Aginskoye,0,RU,1616218038,72,51.1,114.53,22.53,15.05
Bunia,79,CD,1616218039,91,1.5667,30.25,66.27,6.24
Verkhoyansk,100,RU,1616218040,67,67.5447,133.385,12.9,9.95
Atambua,0,ID,1616218041,66,-9.1061,124.8925,82.83,5.99
Maragogi,3,BR,1616218041,80,-9.0122,-35.2225,77.04,3.8
Saint Anthony,1,US,1616218042,64,45.0205,-93.218,39.0,9.22
Batagay-Alyta,100,RU,1616218043,67,67.8006,130.4114,3.7,5.28
Bairiki Village,40,KI,1616218043,74,1.3292,172.9752,84.2,11.5
Berezovyy,36,RU,1616218044,58,51.6667,135.7,34.27,3.36
Jumla,0,NP,1616218045,21,29.2747,82.1838,62.33,3.83
Atasū,100,KZ,1616218045,91,48.6814,71.6433,31.71,12.08
Muzhi,100,RU,1616218046,98,65.3667,64.6667,-16.65,10.96
Nantucket,0,US,1616217750,57,41.2835,-70.0995,33.01,15.59
Rongcheng,100,CN,1616218049,85,30.634,117.8517,48.83,5.32
Porto-Novo,40,BJ,1616218050,89,6.4965,2.6036,80.6,5.75
Grindavik,90,IS,1616217867,75,63.8424,-22.4338,37.4,17.27
Hervey Bay,49,AU,1616218051,67,-25.2986,152.8535,84.0,7.0
Novouzensk,99,RU,1616218052,90,50.4592,48.1431,22.55,12.26
Pisco,0,PE,1616218052,78,-13.7,-76.2167,69.8,8.05
Belaya Kalitva,60,RU,1616218054,72,48.17,40.78,34.45,2.04
Srednekolymsk,2,RU,1616218055,77,67.45,153.6833,0.12,3.18
Valparaíso,0,CL,1616218056,82,-33.0393,-71.6273,51.8,2.3
Ishinomaki,75,JP,1616218057,66,38.4167,141.3,46.4,8.05
Porto Santo,75,PT,1616218058,63,33.072,-16.3415,59.0,18.41
Chumikan,25,RU,1616218058,71,54.7183,135.315,27.73,12.68
Teahupoo,40,PF,1616218059,78,-17.8333,-149.2667,80.6,2.3
Itarema,0,BR,1616218060,89,-2.9248,-39.9167,75.83,5.79
Rio Grande,18,BR,1616218060,86,-32.035,-52.0986,72.0,14.83
Joshīmath,0,IN,1616218061,28,30.5667,79.5667,64.47,4.43
Lingyuan,46,CN,1616218062,40,41.24,119.4011,51.06,9.19
Pachino,75,IT,1616218062,93,36.7186,15.0907,50.0,4.61
Challapalle,0,IN,1616218063,28,16.1167,80.9333,94.15,6.76
Storforshei,99,NO,1616218064,93,66.4043,14.5233,36.0,5.93
Maningrida,60,AU,1616218064,67,-12.0667,134.2667,86.59,7.78
Poum,100,NC,1616218065,71,-20.2333,164.0167,79.59,21.45
Nyimba,14,ZM,1616218066,93,-14.5566,30.8149,67.48,4.32
Kautokeino,37,NO,1616218067,83,69.0125,23.0412,23.32,4.74
Santa Rosalía,0,MX,1616218067,47,27.3167,-112.2833,62.22,2.57
Araouane,0,ML,1616218068,11,18.9048,-3.5265,68.43,2.24
Merauke,100,ID,1616217795,69,-8.4667,140.3333,85.23,5.28
Cockburn Town,0,TC,1616218069,79,21.4612,-71.1419,75.96,17.63
Bandar-e Lengeh,59,IR,1616218070,88,26.5579,54.8807,77.0,6.91
Ndélé,73,CF,1616218071,69,8.4109,20.6473,72.1,1.01
Bandundu Province,71,CD,1616218071,92,-3.3167,17.3667,70.65,3.44
Rincon,90,US,1616218072,62,32.296,-81.2354,51.8,14.97
São Borja,61,BR,1616218073,74,-28.6606,-56.0044,74.07,8.81
Monze,0,ZM,1616218073,94,-16.2833,27.4833,63.32,4.23
Adrar,0,MR,1616218074,24,20.5022,-10.0711,64.89,15.35
Mombasa,40,KE,1616218075,83,-4.0547,39.6636,82.4,3.44
Sainte-Maxime,26,FR,1616218075,93,43.3,6.6333,44.01,6.96
Port Shepstone,0,ZA,1616218077,82,-30.7414,30.455,71.02,5.19
Sarangani,96,PH,1616218077,72,5.4033,125.4636,83.88,12.46
Port-Gentil,90,GA,1616218078,94,-0.7193,8.7815,78.8,2.3
Sexsmith,75,CA,1616217977,80,55.35,-118.786,35.6,9.22
Lima,0,PE,1616217894,88,-12.0432,-77.0282,73.0,9.22
Sharjah city,1,AE,1616218046,65,25.3573,55.4033,78.8,8.05
Seabra,97,BR,1616218080,98,-12.4186,-41.7703,64.11,4.12
Bida,94,NG,1616218081,70,9.0833,6.0167,78.17,3.53
Guadalajara,1,MX,1616217855,22,20.6667,-103.3333,68.0,8.05
El Quetzal,28,GT,1616218082,90,14.7667,-91.8167,64.0,4.61
Sulangan,48,PH,1616218084,72,11.1373,123.7228,82.96,8.1
Vitry-le-François,1,FR,1616218084,93,48.7333,4.5833,30.99,5.91
Deputatsky,100,RU,1616218085,94,69.3,139.9,1.31,2.35
Kachīry,100,KZ,1616218086,77,53.0675,76.1036,25.74,18.07
Partūr,27,IN,1616218087,29,19.6,76.2167,89.13,9.78
Laguna,1,US,1616218088,76,38.421,-121.4238,50.0,6.91
Cortes,1,ES,1616218089,70,41.9395,-1.4396,39.99,19.57
Tam Ky,20,VN,1616218089,66,15.5667,108.4833,86.0,8.05
Port Blair,68,IN,1616217855,55,11.6667,92.75,87.66,6.02
Jagdalpur,0,IN,1616218090,27,19.0667,82.0333,91.09,4.79
Nemuro,20,JP,1616218091,47,43.3236,145.575,33.8,11.5
Tura,20,IN,1616218092,16,25.5198,90.2201,90.81,6.11
Mildura,0,AU,1616218093,26,-34.2,142.15,88.0,14.97
Kununurra,75,AU,1616218093,70,-15.7667,128.7333,87.8,8.05
Chapais,1,CA,1616218094,54,49.7834,-74.8492,28.4,8.05
Padang,40,ID,1616218095,83,-0.9492,100.3543,82.4,5.75
Nishihara,40,JP,1616218095,61,26.1842,127.7558,82.4,10.36
Fort Abbas,27,PK,1616218096,17,29.1925,72.8536,88.52,1.03
Qiongshan,75,CN,1616218097,65,20.0058,110.3542,84.2,8.95
Lompoc,75,US,1616218098,94,34.6391,-120.4579,53.6,6.91
Evensk,98,RU,1616218099,75,61.95,159.2333,8.53,3.89
Whitehorse,90,CA,1616218100,79,60.7161,-135.0538,12.2,6.91
Oruzgan,95,AF,1616218100,33,32.8333,66.0,62.24,3.44
Belaya Gora,92,RU,1616218101,81,68.5333,146.4167,-1.1,6.15
Mineral Wells,1,US,1616218102,66,32.8085,-98.1128,48.99,4.18
Mayo,1,US,1616218103,45,38.8876,-76.5119,41.0,8.05
Kendari,77,ID,1616218104,57,-3.945,122.4989,88.7,5.5
Los Llanos de Aridane,90,ES,1616218074,59,28.6585,-17.9182,62.6,10.36
Verāval,0,IN,1616218105,50,20.9,70.3667,82.13,5.95
Corinth,100,GR,1616218106,72,37.9407,22.9573,48.99,1.01
Talara,99,PE,1616218107,77,-4.5772,-81.2719,76.5,9.4
San Javier,20,ES,1616218108,87,37.8063,-0.8374,46.99,10.36
Sørland,100,NO,1616218108,80,67.667,12.6934,40.69,17.45
Pokhara,79,NP,1616218109,13,28.2333,83.9833,86.16,5.95
Faya,0,SA,1616218110,48,18.3851,42.4509,64.4,2.77
Taoudenni,0,ML,1616218110,23,22.6783,-3.9836,66.56,9.08
Pombas,40,CV,1616218111,73,17.1503,-25.0201,68.0,14.97
Bumba,100,CD,1616218112,97,2.1833,22.4667,71.2,2.91
Caucayá,100,CO,1616218112,83,-0.1934,-74.7819,73.87,1.92
Kiama,100,AU,1616218113,92,-34.6833,150.8667,70.0,15.01
Waingapu,19,ID,1616218114,75,-9.6567,120.2641,85.8,19.75
San Jose de Buan,85,PH,1616218115,71,12.0529,125.0251,85.66,5.79
Norman Wells,75,CA,1616218115,71,65.282,-126.8329,-2.2,19.57
Ponta Delgada,20,PT,1616218116,82,37.7333,-25.6667,55.4,9.22
Alice Springs,75,AU,1616218117,41,-23.7,133.8833,78.8,9.22
Amboise,0,FR,1616218117,86,47.4125,0.9827,33.8,6.91
Agoo,50,PH,1616218118,60,16.0833,120.1,89.02,2.57
Kloulklubed,75,PW,1616217851,74,7.0419,134.2556,86.0,9.22
Alpena,1,US,1616218119,86,45.0617,-83.4327,33.01,7.81
Partyzany,56,UA,1616218120,88,46.3314,34.7503,35.17,7.92
Taltal,6,CL,1616218121,84,-25.4,-70.4833,62.6,2.89
Paracuru,13,BR,1616218121,80,-3.41,-39.0306,78.01,1.99
Praia da Vitória,40,PT,1616217851,82,38.7333,-27.0667,59.0,8.86
Mezen',85,RU,1616218125,90,65.8522,44.24,2.43,6.58
San Cristobal,100,VE,1616218125,90,7.7669,-72.225,66.06,2.01
Kashgar,40,CN,1616218126,33,39.4547,75.9797,44.6,4.47
Moerai,34,PF,1616218127,69,-22.4333,-151.3333,78.89,10.31
Dul'durga,0,RU,1616218127,65,50.6761,113.5931,23.14,13.06
Weyburn,69,CA,1616217899,69,49.6668,-103.8511,35.6,1.14
Kaoma,21,ZM,1616218129,97,-14.7833,24.8,62.73,4.47
Arlit,52,NE,1616218130,14,18.7369,7.3853,75.7,5.39
Rondonópolis,90,BR,1616218131,96,-16.4708,-54.6356,69.48,2.71
Roald,75,NO,1616218132,93,62.5833,6.1333,43.0,19.57
Pundaguitan,100,PH,1616218133,75,6.3711,126.1689,83.05,8.41
Boa Vista,0,BR,1616218134,61,2.8197,-60.6733,78.8,10.36
São Domingos,74,BR,1616218134,88,-13.3983,-46.3183,68.13,1.43
Mineiros,100,BR,1616218135,93,-17.5694,-52.5511,66.72,5.19
Estación Queréndaro,59,MX,1616218136,65,19.8667,-100.9167,61.0,1.97
Ust'-Omchug,0,RU,1616218136,74,61.15,149.6333,2.34,3.42
Atbasar,92,KZ,1616218137,89,51.8,68.3333,32.58,18.16
Neringa,40,LT,1616218138,93,55.3719,21.0647,25.0,4.47
Robertsport,37,LR,1616218139,87,6.7533,-11.3686,78.19,8.57
Buin,75,CL,1616218139,62,-33.7333,-70.75,57.99,5.75
Alzamay,100,RU,1616218140,67,55.5562,98.6644,32.31,8.19
Bulls,0,NZ,1616218141,65,-40.1667,175.3833,63.0,5.99
Yerofey Pavlovich,99,RU,1616218141,73,53.9667,121.9667,27.28,3.0
Noumea,75,NC,1616217883,73,-22.2763,166.4572,81.0,14.97
Oliveira dos Brejinhos,100,BR,1616218143,78,-12.3169,-42.8961,69.73,3.6
Santa Cruz de la Sierra,75,BO,1616217971,94,-17.8,-63.1667,71.6,2.3
Piterka,92,RU,1616218144,90,50.6803,47.4454,23.16,11.97
Conde,20,BR,1616218144,94,-7.2597,-34.9075,75.2,4.61
Impfondo,100,CG,1616218146,99,1.6381,18.0667,71.56,1.72
Gilbués,100,BR,1616218147,87,-9.8317,-45.3439,71.24,1.41
Kumul,0,CN,1616218147,14,42.8,93.45,42.57,7.45
Lalibela,0,ET,1616218148,26,12.0333,39.0333,61.11,6.08
São José da Coroa Grande,2,BR,1616218149,80,-8.8978,-35.1478,77.36,4.03
Neiafu,75,TO,1616218150,83,-18.65,-173.9833,80.6,2.3
Neyshabur,100,IR,1616218150,51,36.2133,58.7958,56.86,6.55
Rovaniemi,90,FI,1616217914,93,66.5,25.7167,19.4,9.22
Coromandel,57,BR,1616218105,90,-18.4733,-47.2003,63.63,3.83
Beberibe,20,BR,1616217949,78,-4.1797,-38.1306,80.6,5.75
Igarka,0,RU,1616217912,86,67.4667,86.5833,-20.92,8.01
Haines Junction,63,CA,1616218153,51,60.7522,-137.5108,5.0,3.44
Sitka,90,US,1616218154,80,57.0531,-135.33,32.0,6.78
Ikryanoye,57,RU,1616218155,87,46.0932,47.7308,35.6,11.18
Airai,37,TL,1616218156,73,-8.9266,125.4092,72.99,3.83
Mount Barker,3,AU,1616218156,33,-35.0667,138.8667,87.01,12.17
Cabedelo,20,BR,1616218157,94,-6.9811,-34.8339,75.2,4.61
Daugai,0,LT,1616218158,73,54.3667,24.3333,24.01,4.61
Kulhudhuffushi,81,MV,1616218158,69,6.6221,73.07,83.46,9.53
Tres Arroyos,99,AR,1616218159,58,-38.3739,-60.2798,62.51,10.02
Albert Lea,1,US,1616218160,69,43.648,-93.3683,35.6,9.22
Codrington,12,AU,1616218161,51,-38.2667,141.9667,77.07,17.18
Ust-Nera,90,RU,1616218161,94,64.5667,143.2,3.81,8.01
Lac du Bonnet,0,CA,1616218162,99,50.2536,-96.0612,45.0,13.0
De Aar,78,ZA,1616218163,39,-30.6497,24.0123,68.36,11.25
Acapulco de Juárez,0,MX,1616217905,69,16.8634,-99.8901,75.61,3.04
Kjøpsvik,90,NO,1616218164,93,68.097,16.3742,39.99,11.5
Saint-Pierre,20,RE,1616218165,61,-21.3393,55.4781,84.2,10.36
Kavaratti,6,IN,1616218165,67,10.5669,72.642,83.68,8.34
Bintulu,40,MY,1616218166,74,3.1667,113.0333,87.8,8.05
Kpandae,100,GH,1616218167,72,8.4689,-0.0113,78.8,3.51
Sovetskiy,100,RU,1616218167,93,61.3614,63.5842,19.6,10.58
Camacupa,100,AO,1616218168,94,-12.0167,17.4833,62.2,1.72
Rock Falls,1,US,1616218169,80,41.7798,-89.689,36.0,3.44
Philadelphia,1,US,1616218017,35,39.9523,-75.1638,37.99,6.91
Aberystwyth,99,GB,1616218170,94,52.4155,-4.0829,44.01,1.01
Saint-Augustin,99,CA,1616218171,83,51.226,-58.6502,3.67,12.86
Stornoway,90,GB,1616218171,93,58.2093,-6.3865,44.6,9.22
Shimoda,75,JP,1616218172,67,34.6667,138.95,60.8,9.22
Havelock,26,US,1616218173,70,34.8791,-76.9013,44.01,4.0
Imeni Poliny Osipenko,17,RU,1616218173,75,52.4201,136.4853,29.08,6.49
Tegul'det,100,RU,1616218175,83,57.3064,88.1667,30.29,8.9
Buala,94,SB,1616217910,70,-8.145,159.5921,84.63,2.93
Katherine,40,AU,1616218176,52,-14.4667,132.2667,91.4,5.75
San Juan,53,AR,1616217989,66,-31.5375,-68.5364,64.92,6.46
Thayetmyo,49,MM,1616218177,9,19.3167,95.1833,102.16,6.49
Nicolás Bravo,100,MX,1616218178,96,18.45,-88.9167,69.01,7.0
Kholtoson,8,RU,1616218179,60,50.2981,103.3097,22.98,8.66
Voyvozh,100,RU,1616218179,93,62.892,54.9635,17.4,4.88
Ondo,99,NG,1616218180,94,7.1,4.8333,72.75,0.83
Conceição da Feira,38,BR,1616218181,97,-12.5058,-38.9986,70.07,3.38
Mana,26,GF,1616218182,84,5.6592,-53.7767,75.11,6.33
Ocho Rios,2,JM,1616218182,94,18.4025,-77.1048,70.0,2.48
